Address,Balance (BTC)
34xp4vRoCGJym3xR7yCVPFHoCNxv4Twseo,248597.57112624
bc1ql49ydapnjafl5t2cp9zqpjwe6pdgmxy98859v2,140574.82545125
bc1qgdjqv0av3q56jvd82tkdjpy7gdp9ut8tlqmgrpmv24sq90ecnvqqjwvw97,130010.07846649
3M219KR5vEneNb47ewrPfWyb5jQ2DjxRP6,123537.0090657
bc1qazcm763858nkj2dj986etajv6wquslv8uxwczt,94643.48485609
1FeexV6bAHb8ybZjqQMjJrcCrHGW9sb6uF,79957.26798167
bc1q8yj0herd4r4yxszw3nkfvt53433thk0f5qst4g,78317.03547576
bc1qjasf9z3h7w3jspkhtgatgpyvvzgpa2wwd2lr0eh5tx44reyn2k7sfc27a4,77446.57892492
bc1qa5wkgaew2dkv56kfvj49j0av5nml45x9ek9hz6,69370.18136452
3LYJfcfHPXYJreMsASk2jkn69LWEYKzexb,68200.00661141
bc1qd4ysezhmypwty5dnw7c8nqy5h5nxg0xqsvaefd0qn5kq32vwnwqqgv4rzr,61000.09603806
1Ay8vMC7R1UbyCCZRVULMV7iQpHSAbguJP,55988.82000897
1LdRcdxfbSnmCYYNdeYpUnztiYzVfBEQeC,53880.06590944
1AC4fMwgY8j9onSbXEWeH6Zan8QGMSdmtA,51830.40133436
bc1qa2eu6p5rl9255e3xz7fcgm6snn4wl5kdfh7zpt05qp5fad9dmsys0qjg0e,44194.36882796
3MgEAFWu1HKSnZ5ZsC8qf61ZW18xrP5pgd,44012.66927359
1LruNZjwamWJXThX2Y8C2d47QqhAkkc5os,44000.08723278
bc1q4j7fcl8zx5yl56j00nkqez9zf3f6ggqchwzzcs5hjxwqhsgxvavq3qfgpr,41242.19757077
bc1qcardnx2pjnh0ce0rsdkce2yxxr9v6pt9a6qya3,40984.18113222
3LQUu4v9z6KNch71j7kbj8GPeAGUo1FW6a,37927.07814113
bc1q0phej5lfqc8ed69f53l5mxw78svx878lgpqesl,36854.81430703
bc1q7ydrtdn8z62xhslqyqtyt38mm4e2c4h3mxjkug,36000.42380093
bc1qk4m9zv5tnxf2pddd565wugsjrkqkfn90aa0wypj2530f4f7tjwrqntpens,35277.262915
bc1qzwhw94uldd3c8736lsxrda6t6x56030f8zk8nr,33056.48324615
12XqeqZRVkBDgmPLVY4ZC6Y4ruUUEug8Fx,32321.00231392
bc1qx9t2l3pyny2spqpqlye8svce70nppwtaxwdrp4,31643.4016036
3FHNBLobJnbCTFTVakh5TXmEneyf5PT61B,31275.35246697
12ib7dApVFvg82TXKycWBNpN8kFyiAN1dr,31000.07522736
bc1q8taf2eca7pn9wu4czt8fgftqm288xtfxdyt33syzxuexxty733xsszghzk,31000.000039
3JZq4atUahhuA9rLhXLMhhTo133J9rF97j,29584.26477438
12tkqA9xSoowkzoERHMWNKsTey55YEBqkv,28151.05945891
1Pzaqw98PeRfyHypfqyEgg5yycJRsENrE7,27781.99941472
bc1q7uq3u829ahn22sdlpac0h0lurq3a9yfd3ew69f,27495.40864806
3EMVdMehEq5SFipQ5UfbsfMsH223sSz9A9,26983.5394695
39eYrpgAgDhp4tTjrSb1ppZ5kdAc1ikBYw,26139.3844019
3FuhQLprN9s9MR3bZzR5da7mw75fuahsaU,26091.50466167
bc1qx85mcrg3cm38vksg4re035nujrldgpppqnurrg,25657.50550375
17MWdxfjPYP2PYhdy885QtihfbW181r1rn,24495.35093808
bc1qlt5nm3kflne7rht4alsnzdzad878ld5rcu4na0,24279.50038746
1N7jWmv63mkMdsYzbNUVHbEYDQfcq1u8Yp,24051.75831311
19D5J8c59P2bAkWKvxSYw8scD3KUNWoZ1C,23969.00192939
15cHRgVrGKz7qp2JL2N5mkB2MCFGLcnHxv,23375.00827237
bc1qcpflj68s3ahy4xajez4d8v3vk28pvf7qte2jmlftvxzfke2u6mqsge3gvh,21795.94648549
bc1qysj2w7xsw09datsy9mt9x50jn7qjd6qde6d66qm3ce0a4y9uzdpqcavdr0,21164.21258232
bc1qnad7erjflzm38d8p820hday79v90d09sc4gdly,20560.53720904
3HfD4pvF43jdu9dzVMEr1b8AnDHooRGc5t,20271.49445043
38UmuUqPCrFmQo4khkomQwZ4VbY2nZMJ67,20066.95099094
17rm2dvb439dZqyMe2d4D6AQJSgg6yeNRn,20008.00312024
bc1qr4dl5wa7kl8yu792dceg9z5knl2gkn220lk7a9,20126.83962093
bc1qx2x5cqhymfcnjtg902ky6u5t5htmt7fvqztdsm028hkrvxcl4t2sjtpd9l,19493.76421752
1PeizMg76Cf96nUQrYg8xuoZWLQozU5zGW,19414.43165978
bc1q32lyrhp9zpww22phqjwwmelta0c8a5q990ghs6,19132.05882907
bc1qnavh9vkacx03mr4v03kyz4t0vz5fuflwrgavgj,16500.04569778
34HpHYiyQwg69gFmCq2BGHjF1DZnZnBeBP,16306.62940197
bc1q6qphr80zug3v37xf503a7atzfn3au2fz0dy9ek,16047.10015724
1GR9qNz7zgtaW5HwwVpEJWMnGWhsbsieCG,15745.55981456
3FM9vDYsN2iuMPKWjAcqgyahdwdrUxhbJ3,14954.57246234
bc1qchctnvmdva5z9vrpxkkxck64v7nmzdtyxsrq64,14102.09489139
1CNtkWbb4grh8xtb8mhoZ6armNE9PHgzA8,14090.70789952
bc1q8qpfmpf6hcu3tgfvp8dgtf534rws8uhsl9vtk6p2f3r2gnqdz5sqxmty6q,13999.99999082
bc1q72nyp6mzxjxm02j7t85pg0pq24684zdj2wuweu,13763.93847403
bc1q4vxn43l44h30nkluqfxd9eckf45vr2awz38lwa,13003.02283912
bc1qhk0ghcywv0mlmcmz408sdaxudxuk9tvng9xx8g,12937.36180111
bc1qkmk4v2xn29yge68fq6zh7gvfdqrvpq3v3p3y0s,12267.02335666
bc1qcv8h9hp5w8c4qpze0a4tdxw6qjtvg8yps23k0g3aymxx7jlesv4q4t6f65,11047.89227027
1F34duy2eeMz5mSrvFepVzy7Y1rBsnAyWC,10770.5362115
bc1q69ydwymww89nsudsxnhped0c9zf5jpzgsq8hfqk2ry8x4w5jz2uskwtwt9,177.34795494
1DcoAJJmCexsYCF8h9qBzduNDo2cXAWXFe,10608.16687241
bc1qxlth5har0qasqvattsjvgp80st2x402u5shuud,10500.00585651
bc1qpzt4m58zzqgp84ktyuj5tz8g8k8ssg2g2d5eeerwhx4gxulqq5mqjzm5gc,10499.99999582
39gUvGynQ7Re3i15G3J2gp9DEB9LnLFPMN,10317.26769834
bc1qsyp3gx0p4p4jzvekxjxkpk9vcjj37gvrlfn9ryx4jy6ne5nhu76s5xxw5d,10243.99487113
1Q8QR5k32hexiMQnRgkJ6fmmjn5fMWhdv9,10216.72064884
bc1qsxdxm0exqdsmnl9ejrz250xqxrxpxkgf5nhhtq,10001.74272127
1Ki3WTEEqTLPNsN5cGTsMkL2sJ4m5mdCXT,10000.02530236
1DzsfLRDfbmQM99xm59au2SrTY3YmciBSB,10000.01055755
1GUfWdZQoo2pQ4BKHsiegxuZPnheY5ueTm,10000.00852855
12HnxiXEeKUVjQRbMVTytsGWnzHd5LdGCt,10000.0076372
17uULjz9moeLyjXHoKNwDRgKzf8ahY3Jia,10000.00756766
18qNs1yBGGKR8RyErnEF5kegbNUgPfixhS,10000.00721131
1DP3VYwN6ozHXDDaETbvNFLd86CAXfaewi,10000.00593859
1NhJGUJu8rrTwPS4vopsdTqqcK4nAwdLwJ,10000.00588535
1MewpRkpcbFdqamPPYc1bXa9AJ189Succy,10000.00580595
1MtUMTqtdrpT6Rar5fgWoyrzAevatssej5,10000.00579171
1H2MXWiSniAgg7ykdXEzPHL6oTH1ic4kP,10000.00333508
1DcT5Wij5tfb3oVViF8mA8p4WrG98ahZPT,10000.00040748
1CY7fykRLWXeSbKB885Kr4KjQxmDdvW923,10000.00022457
bc1qxkhwkn623l5lg4rx9vx8cujmleaga0eg6wc7p6,9799.99219039
39DUz1NCkLu25GczWiAjjgZBu4mUjKbdNA,9757.06248058
bc1q7t9fxfaakmtk8pj7tdxjvwsng6y9x76czuaf5h,9750.00039998
bc1qd46j77pkp5vdxraf8tw5l6xs36dlygdx2rt9ly,9500.00334243
1P9fAFAsSLRmMu2P7wZ5CXDPRfLSWTy9N8,9424.78290587
33eU1zeB2S4x3p4ccSsnAChXcGJgtMrMtZ,9363.08933024
1HLvaTs3zR3oev9ya7Pzp3GB9Gqfg6XYJT,9260.0166132
bc1qm34lsc65zpw79lxes69zkqmk6ee3ewf0j77s3h,9596.85027201
bc1qukqenm2t85dhdta9glqehllglxznsu4qyxn079,9111.90945098
bc1qffyax9rrxmqyq8xwjkzrrqwqjp3ppz5a4665f9,9099.00276312
bc1qcxycjmmyl0fwd0nnqv73clpfrjwvcrqws7m0r35c96ncv57989csr83nrp,9011.05000546
167ZWTT8n6s4ya8cGjqNNQjDwDGY31vmHg,8999.0062939
3KXwpcwggRsACLkFdfCVMU5ZA4tcLxdN6T,9078.37576936
